agent_id,action_id,time_start,duration,success,query,action_idx,obj_interaction_action,utterance,is_corrected,corrected_utterance,da_metadata_agent,da_metadata_tstamp,da_metadata_utterance,da_metadata_text_segments,da_metadata_das,pose_delta,pose,x,y,oid
0,500,40.5503203868866,1,0,,30.0,0.0,,,,,,,,,,,,,
0,100,63.42138171195984,1,1,,,,Good day!  We are preparing breakfast.  We first need to wash a dirty mug.,0.0,Good day! We are preparing breakfast. We first need to wash a dirty mug.,Commander,63.42138171,Good day!  We are preparing breakfast.  We first need to wash a dirty mug.,"['Good day!', 'We are preparing breakfast.  We first need to wash a dirty mug.', '']","['Greetings/Salutations', 'Instruction', '']",,,,,
1,2,72.49418449401855,1,1,,2.0,0.0,,,,,,,,,"[0.25, 0, 0, 0, 0, 0]","[1.75, -2.75, 0.9009991884231567, 0, 30.000024795532227, -270.0]",,,
1,2,73.01422500610352,1,1,,2.0,0.0,,,,,,,,,"[0.25, 0, 0, 0, 0, 0]","[1.75, -2.5, 0.9009991884231567, 0, 30.000024795532227, -270.0]",,,
1,2,73.36088943481445,1,1,,2.0,0.0,,,,,,,,,"[0.25, 0, 0, 0, 0, 0]","[1.75, -2.25, 0.9009991884231567, 0, 30.000024795532227, -270.0]",,,
1,2,74.26896262168884,1,1,,2.0,0.0,,,,,,,,,"[0.25, 0, 0, 0, 0, 0]","[1.75, -2.0, 0.9009991884231567, 0, 30.000024795532227, -270.0]",,,
1,2,74.56517672538757,1,1,,2.0,0.0,,,,,,,,,"[0.25, 0, 0, 0, 0, 0]","[1.75, -1.75, 0.9009991884231567, 0, 30.000024795532227, -270.0]",,,
1,2,74.8025472164154,1,1,,2.0,0.0,,,,,,,,,"[0.25, 0, 0, 0, 0, 0]","[1.75, -1.5, 0.9009991884231567, 0, 30.000024795532227, -270.0]",,,
1,2,74.9824378490448,1,1,,2.0,0.0,,,,,,,,,"[0.25, 0, 0, 0, 0, 0]","[1.75, -1.25, 0.9009991884231567, 0, 30.000024795532227, -270.0]",,,
1,2,75.14844965934753,1,1,,2.0,0.0,,,,,,,,,"[0.25, 0, 0, 0, 0, 0]","[1.75, -1.0, 0.9009991884231567, 0, 30.000024795532227, -270.0]",,,
1,2,75.4631564617157,1,0,,2.0,0.0,,,,,,,,,"[0.25, 0, 0, 0, 0, 0]","[1.75, -1.0, 0.9009991884231567, 0, 30.000024795532227, -270.0]",,,
1,4,75.96460771560669,1,1,,4.0,0.0,,,,,,,,,"[0, 0, 0, 0, 0, 90]","[1.75, -1.0, 0.9009991884231567, 0, 30.000028610229492, -180.0]",,,
1,2,79.30943131446838,1,1,,2.0,0.0,,,,,,,,,"[0.25, 0, 0, 0, 0, 0]","[1.5, -1.0, 0.9009991884231567, 0, 30.000028610229492, -180.0]",,,
1,2,79.64453387260437,1,1,,2.0,0.0,,,,,,,,,"[0.25, 0, 0, 0, 0, 0]","[1.25, -1.0, 0.9009991884231567, 0, 30.000028610229492, -180.0]",,,
1,2,80.02185988426208,1,1,,2.0,0.0,,,,,,,,,"[0.25, 0, 0, 0, 0, 0]","[1.0, -1.0, 0.9009991884231567, 0, 30.000028610229492, -180.0]",,,
1,2,80.29819130897522,1,1,,2.0,0.0,,,,,,,,,"[0.25, 0, 0, 0, 0, 0]","[0.75, -1.0, 0.9009991884231567, 0, 30.000028610229492, -180.0]",,,
1,2,80.65819597244263,1,1,,2.0,0.0,,,,,,,,,"[0.25, 0, 0, 0, 0, 0]","[0.5, -1.0, 0.9009991884231567, 0, 30.000028610229492, -180.0]",,,
1,2,80.82660031318665,1,1,,2.0,0.0,,,,,,,,,"[0.25, 0, 0, 0, 0, 0]","[0.25, -1.0, 0.9009991884231567, 0, 30.000028610229492, -180.0]",,,
1,2,80.9943687915802,1,1,,2.0,0.0,,,,,,,,,"[0.25, 0, 0, 0, 0, 0]","[0.0, -1.0, 0.9009991884231567, 0, 30.000028610229492, -180.0]",,,
1,5,83.70984768867493,1,1,,5.0,0.0,,,,,,,,,"[0, 0, 0, 0, 0, -90]","[0.0, -1.0, 0.9009991884231567, 0, 30.000024795532227, -270.0]",,,
1,5,85.9174530506134,1,1,,5.0,0.0,,,,,,,,,"[0, 0, 0, 0, 0, -90]","[0.0, -1.0, 0.9009991884231567, 0, 30.000028610229492, -0.0]",,,
1,8,88.13292503356934,1,1,,8.0,0.0,,,,,,,,,"[0, 0.25, 0, 0, 0, 0]","[0.0, -0.75, 0.9009991884231567, 0, 30.000028610229492, -0.0]",,,
1,8,88.55967974662781,1,1,,8.0,0.0,,,,,,,,,"[0, 0.25, 0, 0, 0, 0]","[0.0, -0.5, 0.9009991884231567, 0, 30.000028610229492, -0.0]",,,
1,8,88.94492936134338,1,1,,8.0,0.0,,,,,,,,,"[0, 0.25, 0, 0, 0, 0]","[0.0, -0.25, 0.9009991884231567, 0, 30.000028610229492, -0.0]",,,
1,8,89.32522559165955,1,1,,8.0,0.0,,,,,,,,,"[0, 0.25, 0, 0, 0, 0]","[0.0, -0.0, 0.9009991884231567, 0, 30.000028610229492, -0.0]",,,
1,8,89.60417485237122,1,1,,8.0,0.0,,,,,,,,,"[0, 0.25, 0, 0, 0, 0]","[0.0, 0.25, 0.9009991884231567, 0, 30.000028610229492, -0.0]",,,
1,8,89.78232622146606,1,1,,8.0,0.0,,,,,,,,,"[0, 0.25, 0, 0, 0, 0]","[0.0, 0.5, 0.9009991884231567, 0, 30.000028610229492, -0.0]",,,
1,8,90.00286221504211,1,1,,8.0,0.0,,,,,,,,,"[0, 0.25, 0, 0, 0, 0]","[0.0, 0.75, 0.9009991884231567, 0, 30.000028610229492, -0.0]",,,
0,502,90.17087864875793,1,1,mug,32.0,0.0,,,,,,,,,,,,,
1,8,98.04963207244873,1,1,,8.0,0.0,,,,,,,,,"[0, 0.25, 0, 0, 0, 0]","[0.0, 1.0, 0.9009991884231567, 0, 30.000028610229492, -0.0]",,,
1,8,98.35740399360657,1,0,,8.0,0.0,,,,,,,,,"[0, 0.25, 0, 0, 0, 0]","[0.0, 1.0, 0.9009991884231567, 0, 30.000028610229492, -0.0]",,,
1,2,99.4287703037262,1,1,,2.0,0.0,,,,,,,,,"[0.25, 0, 0, 0, 0, 0]","[0.25, 1.0, 0.9009991884231567, 0, 30.000028610229492, -0.0]",,,
1,2,100.02158403396606,1,1,,2.0,0.0,,,,,,,,,"[0.25, 0, 0, 0, 0, 0]","[0.5, 1.0, 0.9009991884231567, 0, 30.000028610229492, -0.0]",,,
1,2,100.34013772010803,1,1,,2.0,0.0,,,,,,,,,"[0.25, 0, 0, 0, 0, 0]","[0.75, 1.0, 0.9009991884231567, 0, 30.000028610229492, -0.0]",,,
1,2,100.74442267417908,1,1,,2.0,0.0,,,,,,,,,"[0.25, 0, 0, 0, 0, 0]","[1.0, 1.0, 0.9009991884231567, 0, 30.000028610229492, -0.0]",,,
1,2,103.44409799575806,1,1,,2.0,0.0,,,,,,,,,"[0.25, 0, 0, 0, 0, 0]","[1.25, 1.0, 0.9009991884231567, 0, 30.000028610229492, -0.0]",,,
1,2,105.15599179267883,1,1,,2.0,0.0,,,,,,,,,"[0.25, 0, 0, 0, 0, 0]","[1.5, 1.0, 0.9009991884231567, 0, 30.000028610229492, -0.0]",,,
1,2,105.50784850120544,1,0,,2.0,0.0,,,,,,,,,"[0.25, 0, 0, 0, 0, 0]","[1.5, 1.0, 0.9009991884231567, 0, 30.000028610229492, -0.0]",,,
1,2,106.20892071723938,1,0,,2.0,0.0,,,,,,,,,"[0.25, 0, 0, 0, 0, 0]","[1.5, 1.0, 0.9009991884231567, 0, 30.000028610229492, -0.0]",,,
1,2,106.96456408500671,1,0,,2.0,0.0,,,,,,,,,"[0.25, 0, 0, 0, 0, 0]","[1.5, 1.0, 0.9009991884231567, 0, 30.000028610229492, -0.0]",,,
1,4,108.05310535430908,1,1,,4.0,0.0,,,,,,,,,"[0, 0, 0, 0, 0, 90]","[1.5, 1.0, 0.9009991884231567, 0, 30.000024795532227, -270.0]",,,
1,2,110.68426752090454,1,1,,2.0,0.0,,,,,,,,,"[0.25, 0, 0, 0, 0, 0]","[1.5, 1.25, 0.9009991884231567, 0, 30.000024795532227, -270.0]",,,
1,2,110.9509711265564,1,1,,2.0,0.0,,,,,,,,,"[0.25, 0, 0, 0, 0, 0]","[1.5, 1.5, 0.9009991884231567, 0, 30.000024795532227, -270.0]",,,
1,2,111.17534112930298,1,1,,2.0,0.0,,,,,,,,,"[0.25, 0, 0, 0, 0, 0]","[1.5, 1.75, 0.9009991884231567, 0, 30.000024795532227, -270.0]",,,
1,2,111.46380114555359,1,1,,2.0,0.0,,,,,,,,,"[0.25, 0, 0, 0, 0, 0]","[1.5, 2.0, 0.9009991884231567, 0, 30.000024795532227, -270.0]",,,
1,2,111.67392063140869,1,1,,2.0,0.0,,,,,,,,,"[0.25, 0, 0, 0, 0, 0]","[1.5, 2.25, 0.9009991884231567, 0, 30.000024795532227, -270.0]",,,
1,2,111.87780666351318,1,1,,2.0,0.0,,,,,,,,,"[0.25, 0, 0, 0, 0, 0]","[1.5, 2.5, 0.9009991884231567, 0, 30.000024795532227, -270.0]",,,
1,2,112.2890682220459,1,1,,2.0,0.0,,,,,,,,,"[0.25, 0, 0, 0, 0, 0]","[1.5, 2.75, 0.9009991884231567, 0, 30.000024795532227, -270.0]",,,
1,4,113.0441026687622,1,1,,4.0,0.0,,,,,,,,,"[0, 0, 0, 0, 0, 90]","[1.5, 2.75, 0.9009991884231567, 0, 30.000028610229492, -180.0]",,,
0,502,113.19409084320068,1,1,mug,32.0,0.0,,,,,,,,,,,,,
1,2,115.6451199054718,1,1,,2.0,0.0,,,,,,,,,"[0.25, 0, 0, 0, 0, 0]","[1.25, 2.75, 0.9009991884231567, 0, 30.000028610229492, -180.0]",,,
1,2,115.84444665908813,1,1,,2.0,0.0,,,,,,,,,"[0.25, 0, 0, 0, 0, 0]","[1.0, 2.75, 0.9009991884231567, 0, 30.000028610229492, -180.0]",,,
1,2,116.05454707145691,1,1,,2.0,0.0,,,,,,,,,"[0.25, 0, 0, 0, 0, 0]","[0.75, 2.75, 0.9009991884231567, 0, 30.000028610229492, -180.0]",,,
1,2,116.28700995445251,1,1,,2.0,0.0,,,,,,,,,"[0.25, 0, 0, 0, 0, 0]","[0.5, 2.75, 0.9009991884231567, 0, 30.000028610229492, -180.0]",,,
1,200,124.6079511642456,1,1,,15.0,1.0,,,,,,,,,,,0.30828025477707005,0.9286624203821656,Mug|-02.43|+00.59|+00.17
1,4,126.47652053833008,1,1,,4.0,0.0,,,,,,,,,"[0, 0, 0, 0, 0, 90]","[0.5, 2.75, 0.9009991884231567, 0, 30.000024795532227, -90.0]",,,
1,8,128.613285779953,1,1,,8.0,0.0,,,,,,,,,"[0, 0.25, 0, 0, 0, 0]","[0.75, 2.75, 0.9009991884231567, 0, 30.000024795532227, -90.0]",,,
1,8,129.79622220993042,1,1,,8.0,0.0,,,,,,,,,"[0, 0.25, 0, 0, 0, 0]","[1.0, 2.75, 0.9009991884231567, 0, 30.000024795532227, -90.0]",,,
1,8,130.3209466934204,1,1,,8.0,0.0,,,,,,,,,"[0, 0.25, 0, 0, 0, 0]","[1.25, 2.75, 0.9009991884231567, 0, 30.000024795532227, -90.0]",,,
1,2,132.04451298713684,1,1,,2.0,0.0,,,,,,,,,"[0.25, 0, 0, 0, 0, 0]","[1.25, 2.5, 0.9009991884231567, 0, 30.000024795532227, -90.0]",,,
1,2,132.28379154205322,1,1,,2.0,0.0,,,,,,,,,"[0.25, 0, 0, 0, 0, 0]","[1.25, 2.25, 0.9009991884231567, 0, 30.000024795532227, -90.0]",,,
1,2,132.46033906936646,1,1,,2.0,0.0,,,,,,,,,"[0.25, 0, 0, 0, 0, 0]","[1.25, 2.0, 0.9009991884231567, 0, 30.000024795532227, -90.0]",,,
1,2,132.65637683868408,1,1,,2.0,0.0,,,,,,,,,"[0.25, 0, 0, 0, 0, 0]","[1.25, 1.75, 0.9009991884231567, 0, 30.000024795532227, -90.0]",,,
1,2,132.8112313747406,1,1,,2.0,0.0,,,,,,,,,"[0.25, 0, 0, 0, 0, 0]","[1.25, 1.5, 0.9009991884231567, 0, 30.000024795532227, -90.0]",,,
1,2,132.9639744758606,1,1,,2.0,0.0,,,,,,,,,"[0.25, 0, 0, 0, 0, 0]","[1.25, 1.25, 0.9009991884231567, 0, 30.000024795532227, -90.0]",,,
1,2,133.16704082489014,1,1,,2.0,0.0,,,,,,,,,"[0.25, 0, 0, 0, 0, 0]","[1.25, 1.0, 0.9009991884231567, 0, 30.000024795532227, -90.0]",,,
1,2,133.35082340240479,1,1,,2.0,0.0,,,,,,,,,"[0.25, 0, 0, 0, 0, 0]","[1.25, 0.75, 0.9009991884231567, 0, 30.000024795532227, -90.0]",,,
1,2,133.55103707313538,1,1,,2.0,0.0,,,,,,,,,"[0.25, 0, 0, 0, 0, 0]","[1.25, 0.5, 0.9009991884231567, 0, 30.000024795532227, -90.0]",,,
1,5,134.23623061180115,1,1,,5.0,0.0,,,,,,,,,"[0, 0, 0, 0, 0, -90]","[1.25, 0.5, 0.9009991884231567, 0, 30.000028610229492, -180.0]",,,
1,5,134.45159912109375,1,1,,5.0,0.0,,,,,,,,,"[0, 0, 0, 0, 0, -90]","[1.25, 0.5, 0.9009991884231567, 0, 30.000024795532227, -270.0]",,,
1,4,136.7241494655609,1,1,,4.0,0.0,,,,,,,,,"[0, 0, 0, 0, 0, 90]","[1.25, 0.5, 0.9009991884231567, 0, 30.000028610229492, -180.0]",,,
1,2,139.4366545677185,1,1,,2.0,0.0,,,,,,,,,"[0.25, 0, 0, 0, 0, 0]","[1.0, 0.5, 0.9009991884231567, 0, 30.000028610229492, -180.0]",,,
1,2,139.69437718391418,1,1,,2.0,0.0,,,,,,,,,"[0.25, 0, 0, 0, 0, 0]","[0.75, 0.5, 0.9009991884231567, 0, 30.000028610229492, -180.0]",,,
1,2,140.06832933425903,1,1,,2.0,0.0,,,,,,,,,"[0.25, 0, 0, 0, 0, 0]","[0.5, 0.5, 0.9009991884231567, 0, 30.000028610229492, -180.0]",,,
1,2,140.2857210636139,1,1,,2.0,0.0,,,,,,,,,"[0.25, 0, 0, 0, 0, 0]","[0.25, 0.5, 0.9009991884231567, 0, 30.000028610229492, -180.0]",,,
1,2,140.6521279811859,1,1,,2.0,0.0,,,,,,,,,"[0.25, 0, 0, 0, 0, 0]","[0.0, 0.5, 0.9009991884231567, 0, 30.000028610229492, -180.0]",,,
1,2,140.81592917442322,1,1,,2.0,0.0,,,,,,,,,"[0.25, 0, 0, 0, 0, 0]","[-0.25, 0.5, 0.9009991884231567, 0, 30.000028610229492, -180.0]",,,
1,2,141.0300736427307,1,1,,2.0,0.0,,,,,,,,,"[0.25, 0, 0, 0, 0, 0]","[-0.5, 0.5, 0.9009991884231567, 0, 30.000028610229492, -180.0]",,,
1,2,141.277934551239,1,1,,2.0,0.0,,,,,,,,,"[0.25, 0, 0, 0, 0, 0]","[-0.75, 0.5, 0.9009991884231567, 0, 30.000028610229492, -180.0]",,,
0,100,141.44111514091492,1,1,,,,The mug is located under the sink,0.0,The mug is located under the sink,Commander,141.4411151,The mug is located under the sink,"['The mug is located under the sink', '', '']","['InformationOnObjectDetails', '', '']",,,,,
1,2,141.45527482032776,1,0,,2.0,0.0,,,,,,,,,"[0.25, 0, 0, 0, 0, 0]","[-0.75, 0.5, 0.9009991884231567, 0, 30.000028610229492, -180.0]",,,
1,201,145.60534644126892,1,1,,16.0,1.0,,,,,,,,,,,0.3796178343949045,0.5923566878980892,Sink|+00.02|+00.77|-01.71
1,204,151.78133273124695,1,1,,19.0,1.0,,,,,,,,,,,0.3961783439490446,0.42038216560509556,Faucet|-00.19|+00.92|-01.75
1,205,156.91541385650635,1,1,,20.0,1.0,,,,,,,,,,,0.3821656050955414,0.38980891719745225,Faucet|-00.19|+00.92|-01.75
0,100,160.03268671035767,1,1,,,,Oh you found one!  Okay.,0.0,Oh you found one! Okay.,Commander,160.0326867,Oh you found one!  Okay.,"['Oh you found one!  Okay.', '', '']","['Acknowledge', '', '']",,,,,
1,200,160.7004234790802,1,1,,15.0,1.0,,,,,,,,,,,0.2929936305732484,0.5235668789808917,Mug|-02.43|+00.59|+00.17
1,211,163.46851205825806,1,1,,26.0,1.0,,,,,,,,,,,0.41656050955414015,0.578343949044586,Sink|+00.02|+00.77|-01.71
1,201,166.65204048156738,1,1,,16.0,1.0,,,,,,,,,,,0.8611464968152867,0.578343949044586,CoffeeMachine|-01.11|+00.90|-01.73
1,204,170.42842984199524,1,0,,19.0,1.0,,,,,,,,,,,0.8624203821656051,0.3961783439490446,
1,9,174.6685709953308,1,1,,9.0,0.0,,,,,,,,,"[0, -0.25, 0, 0, 0, 0]","[-0.75, 0.75, 0.9009991884231567, 0, 30.000028610229492, -180.0]",,,
1,9,175.07239413261414,1,1,,9.0,0.0,,,,,,,,,"[0, -0.25, 0, 0, 0, 0]","[-0.75, 1.0, 0.9009991884231567, 0, 30.000028610229492, -180.0]",,,
1,2,176.77980494499207,1,0,,2.0,0.0,,,,,,,,,"[0.25, 0, 0, 0, 0, 0]","[-0.75, 1.0, 0.9009991884231567, 0, 30.000028610229492, -180.0]",,,
1,2,177.0189790725708,1,0,,2.0,0.0,,,,,,,,,"[0.25, 0, 0, 0, 0, 0]","[-0.75, 1.0, 0.9009991884231567, 0, 30.000028610229492, -180.0]",,,
1,6,179.73977065086365,1,1,,6.0,0.0,,,,,,,,,"[0, 0, 0, 0, -30, 0]","[-0.75, 1.0, 0.9009991884231567, 0, 2.309109731868375e-05, -180.0]",,,
1,2,180.93098425865173,1,0,,2.0,0.0,,,,,,,,,"[0.25, 0, 0, 0, 0, 0]","[-0.75, 1.0, 0.9009991884231567, 0, 2.309109731868375e-05, -180.0]",,,
0,500,185.9994261264801,1,0,,30.0,0.0,,,,,,,,,,,,,
1,7,190.1881024837494,1,1,,7.0,0.0,,,,,,,,,"[0, 0, 0, 0, 30, 0]","[-0.75, 1.0, 0.9009991884231567, 0, 30.000032424926758, -180.0]",,,
1,205,194.44402146339417,1,1,,20.0,1.0,,,,,,,,,,,0.5808917197452229,0.40764331210191085,CoffeeMachine|-01.11|+00.90|-01.73
1,204,200.07605361938477,1,1,,19.0,1.0,,,,,,,,,,,0.5617834394904458,0.38471337579617837,CoffeeMachine|-01.11|+00.90|-01.73
1,205,207.93069887161255,1,1,,20.0,1.0,,,,,,,,,,,0.5592356687898089,0.3910828025477707,CoffeeMachine|-01.11|+00.90|-01.73
1,100,217.45807790756226,1,1,,,,done,0.0,done,Driver,217.4580779,done,"['done', '', '']","['Acknowledge', '', '']",,,,,
0,100,218.7820520401001,1,1,,,,Great.  We are making a sandwich.  we need a knife to start.,0.0,Great. We are making a sandwich. we need a knife to start.,Commander,218.782052,Great.  We are making a sandwich.  we need a knife to start.,"['Great.', 'We are making a sandwich.  we need a knife to start.', '']","['FeedbackPositive', 'Instruction', '']",,,,,
1,4,225.63942909240723,1,1,,4.0,0.0,,,,,,,,,"[0, 0, 0, 0, 0, 90]","[-0.75, 1.0, 0.9009991884231567, 0, 30.000028610229492, -90.0]",,,
1,4,229.2957592010498,1,1,,4.0,0.0,,,,,,,,,"[0, 0, 0, 0, 0, 90]","[-0.75, 1.0, 0.9009991884231567, 0, 30.000032424926758, -0.0]",,,
1,2,234.90232133865356,1,1,,2.0,0.0,,,,,,,,,"[0.25, 0, 0, 0, 0, 0]","[-0.5, 1.0, 0.9009991884231567, 0, 30.000032424926758, -0.0]",,,
1,2,235.2490575313568,1,1,,2.0,0.0,,,,,,,,,"[0.25, 0, 0, 0, 0, 0]","[-0.25, 1.0, 0.9009991884231567, 0, 30.000032424926758, -0.0]",,,
0,502,235.49682426452637,1,1,Knife.,32.0,0.0,,,,,,,,,,,,,
1,2,236.10405158996582,1,1,,2.0,0.0,,,,,,,,,"[0.25, 0, 0, 0, 0, 0]","[0.0, 1.0, 0.9009991884231567, 0, 30.000032424926758, -0.0]",,,
1,2,236.45068311691284,1,1,,2.0,0.0,,,,,,,,,"[0.25, 0, 0, 0, 0, 0]","[0.25, 1.0, 0.9009991884231567, 0, 30.000032424926758, -0.0]",,,
1,2,237.2491261959076,1,1,,2.0,0.0,,,,,,,,,"[0.25, 0, 0, 0, 0, 0]","[0.5, 1.0, 0.9009991884231567, 0, 30.000032424926758, -0.0]",,,
1,2,237.3852460384369,1,1,,2.0,0.0,,,,,,,,,"[0.25, 0, 0, 0, 0, 0]","[0.75, 1.0, 0.9009991884231567, 0, 30.000032424926758, -0.0]",,,
1,2,237.50926876068115,1,1,,2.0,0.0,,,,,,,,,"[0.25, 0, 0, 0, 0, 0]","[1.0, 1.0, 0.9009991884231567, 0, 30.000032424926758, -0.0]",,,
0,100,250.16198134422302,1,1,,,,It is already on the dining table.,0.0,It is already on the dining table.,Commander,250.1619813,It is already on the dining table.,"['It is already on the dining table.', '', '']","['InformationOnObjectDetails', '', '']",,,,,
1,8,262.9296510219574,1,1,,8.0,0.0,,,,,,,,,"[0, 0.25, 0, 0, 0, 0]","[1.0, 1.25, 0.9009991884231567, 0, 30.000032424926758, -0.0]",,,
1,8,263.2337853908539,1,1,,8.0,0.0,,,,,,,,,"[0, 0.25, 0, 0, 0, 0]","[1.0, 1.5, 0.9009991884231567, 0, 30.000032424926758, -0.0]",,,
1,2,264.42542266845703,1,1,,2.0,0.0,,,,,,,,,"[0.25, 0, 0, 0, 0, 0]","[1.25, 1.5, 0.9009991884231567, 0, 30.000032424926758, -0.0]",,,
1,2,265.38474106788635,1,1,,2.0,0.0,,,,,,,,,"[0.25, 0, 0, 0, 0, 0]","[1.5, 1.5, 0.9009991884231567, 0, 30.000032424926758, -0.0]",,,
1,8,266.6096405982971,1,1,,8.0,0.0,,,,,,,,,"[0, 0.25, 0, 0, 0, 0]","[1.5, 1.75, 0.9009991884231567, 0, 30.000032424926758, -0.0]",,,
1,8,266.8406660556793,1,1,,8.0,0.0,,,,,,,,,"[0, 0.25, 0, 0, 0, 0]","[1.5, 2.0, 0.9009991884231567, 0, 30.000032424926758, -0.0]",,,
1,2,268.9857265949249,1,1,,2.0,0.0,,,,,,,,,"[0.25, 0, 0, 0, 0, 0]","[1.75, 2.0, 0.9009991884231567, 0, 30.000032424926758, -0.0]",,,
1,2,269.4736578464508,1,1,,2.0,0.0,,,,,,,,,"[0.25, 0, 0, 0, 0, 0]","[2.0, 2.0, 0.9009991884231567, 0, 30.000032424926758, -0.0]",,,
1,2,269.8722221851349,1,1,,2.0,0.0,,,,,,,,,"[0.25, 0, 0, 0, 0, 0]","[2.25, 2.0, 0.9009991884231567, 0, 30.000032424926758, -0.0]",,,
1,200,273.7947025299072,1,1,,15.0,1.0,,,,,,,,,,,0.2751592356687898,0.6382165605095541,Knife|-02.53|+00.87|+02.88
1,5,275.55319690704346,1,1,,5.0,0.0,,,,,,,,,"[0, 0, 0, 0, 0, -90]","[2.25, 2.0, 0.9009991884231567, 0, 30.000028610229492, -90.0]",,,
1,5,276.9046757221222,1,1,,5.0,0.0,,,,,,,,,"[0, 0, 0, 0, 0, -90]","[2.25, 2.0, 0.9009991884231567, 0, 30.000032424926758, -180.0]",,,
1,8,279.1140124797821,1,1,,8.0,0.0,,,,,,,,,"[0, 0.25, 0, 0, 0, 0]","[2.25, 1.75, 0.9009991884231567, 0, 30.000032424926758, -180.0]",,,
1,8,279.39641880989075,1,1,,8.0,0.0,,,,,,,,,"[0, 0.25, 0, 0, 0, 0]","[2.25, 1.5, 0.9009991884231567, 0, 30.000032424926758, -180.0]",,,
1,2,280.33762097358704,1,1,,2.0,0.0,,,,,,,,,"[0.25, 0, 0, 0, 0, 0]","[2.0, 1.5, 0.9009991884231567, 0, 30.000032424926758, -180.0]",,,
1,2,280.58270740509033,1,1,,2.0,0.0,,,,,,,,,"[0.25, 0, 0, 0, 0, 0]","[1.75, 1.5, 0.9009991884231567, 0, 30.000032424926758, -180.0]",,,
1,2,281.0356533527374,1,1,,2.0,0.0,,,,,,,,,"[0.25, 0, 0, 0, 0, 0]","[1.5, 1.5, 0.9009991884231567, 0, 30.000032424926758, -180.0]",,,
1,2,281.25668931007385,1,1,,2.0,0.0,,,,,,,,,"[0.25, 0, 0, 0, 0, 0]","[1.25, 1.5, 0.9009991884231567, 0, 30.000032424926758, -180.0]",,,
1,2,281.5249581336975,1,1,,2.0,0.0,,,,,,,,,"[0.25, 0, 0, 0, 0, 0]","[1.0, 1.5, 0.9009991884231567, 0, 30.000032424926758, -180.0]",,,
1,8,282.4492516517639,1,1,,8.0,0.0,,,,,,,,,"[0, 0.25, 0, 0, 0, 0]","[1.0, 1.25, 0.9009991884231567, 0, 30.000032424926758, -180.0]",,,
1,8,282.7045919895172,1,1,,8.0,0.0,,,,,,,,,"[0, 0.25, 0, 0, 0, 0]","[1.0, 1.0, 0.9009991884231567, 0, 30.000032424926758, -180.0]",,,
1,2,284.36120676994324,1,1,,2.0,0.0,,,,,,,,,"[0.25, 0, 0, 0, 0, 0]","[0.75, 1.0, 0.9009991884231567, 0, 30.000032424926758, -180.0]",,,
1,2,284.56058263778687,1,1,,2.0,0.0,,,,,,,,,"[0.25, 0, 0, 0, 0, 0]","[0.5, 1.0, 0.9009991884231567, 0, 30.000032424926758, -180.0]",,,
1,206,288.28238821029663,1,1,,21.0,1.0,,,,,,,,,,,0.7821656050955414,0.5821656050955414,Bread|-01.52|+00.99|-00.29
0,500,288.93247056007385,1,0,,30.0,0.0,,,,,,,,,,,,,
0,100,290.20345425605774,1,1,,,,"You will need to use the toaster, so set it there",0.0,"You will need to use the toaster, so set it there",Commander,290.2034543,"You will need to use the toaster, so set it there","['You will need to use the toaster, so set it there', '', '']","['Instruction', '', '']",,,,,
1,201,296.1346786022186,1,1,,16.0,1.0,,,,,,,,,,,0.8420382165605096,0.7515923566878981,CounterTop|-01.87|+00.95|-00.61
1,200,300.62589049339294,1,1,,15.0,1.0,,,,,,,,,,,0.7388535031847133,0.5082802547770701,Bread|-01.52|+00.99|-00.29|BreadSliced_3
1,8,302.6002233028412,1,1,,8.0,0.0,,,,,,,,,"[0, 0.25, 0, 0, 0, 0]","[0.5, 0.75, 0.9009991884231567, 0, 30.000032424926758, -180.0]",,,
1,8,302.9285931587219,1,1,,8.0,0.0,,,,,,,,,"[0, 0.25, 0, 0, 0, 0]","[0.5, 0.5, 0.9009991884231567, 0, 30.000032424926758, -180.0]",,,
0,100,303.2435972690582,1,1,,,,Next find bread.,0.0,Next find bread.,Commander,303.2435973,Next find bread.,"['Next find bread.', '', '']","['Instruction', '', '']",,,,,
1,8,303.71011686325073,1,1,,8.0,0.0,,,,,,,,,"[0, 0.25, 0, 0, 0, 0]","[0.5, 0.25, 0.9009991884231567, 0, 30.000032424926758, -180.0]",,,
1,8,303.9822747707367,1,1,,8.0,0.0,,,,,,,,,"[0, 0.25, 0, 0, 0, 0]","[0.5, -0.0, 0.9009991884231567, 0, 30.000032424926758, -180.0]",,,
1,8,304.1885735988617,1,1,,8.0,0.0,,,,,,,,,"[0, 0.25, 0, 0, 0, 0]","[0.5, -0.25, 0.9009991884231567, 0, 30.000032424926758, -180.0]",,,
1,8,304.81636023521423,1,1,,8.0,0.0,,,,,,,,,"[0, 0.25, 0, 0, 0, 0]","[0.5, -0.5, 0.9009991884231567, 0, 30.000032424926758, -180.0]",,,
1,8,305.31837725639343,1,1,,8.0,0.0,,,,,,,,,"[0, 0.25, 0, 0, 0, 0]","[0.5, -0.75, 0.9009991884231567, 0, 30.000032424926758, -180.0]",,,
1,8,305.5520567893982,1,1,,8.0,0.0,,,,,,,,,"[0, 0.25, 0, 0, 0, 0]","[0.5, -1.0, 0.9009991884231567, 0, 30.000032424926758, -180.0]",,,
1,2,307.24134492874146,1,1,,2.0,0.0,,,,,,,,,"[0.25, 0, 0, 0, 0, 0]","[0.25, -1.0, 0.9009991884231567, 0, 30.000032424926758, -180.0]",,,
1,2,307.4640862941742,1,1,,2.0,0.0,,,,,,,,,"[0.25, 0, 0, 0, 0, 0]","[0.0, -1.0, 0.9009991884231567, 0, 30.000032424926758, -180.0]",,,
1,2,308.0801796913147,1,1,,2.0,0.0,,,,,,,,,"[0.25, 0, 0, 0, 0, 0]","[-0.25, -1.0, 0.9009991884231567, 0, 30.000032424926758, -180.0]",,,
1,2,308.34355425834656,1,1,,2.0,0.0,,,,,,,,,"[0.25, 0, 0, 0, 0, 0]","[-0.5, -1.0, 0.9009991884231567, 0, 30.000032424926758, -180.0]",,,
1,201,312.5530791282654,1,1,,16.0,1.0,,,,,,,,,,,0.2700636942675159,0.43312101910828027,Toaster|+01.64|+00.90|-01.67
1,204,319.20971846580505,1,1,,19.0,1.0,,,,,,,,,,,0.24585987261146497,0.4662420382165605,Toaster|+01.64|+00.90|-01.67
1,205,324.8181788921356,1,1,,20.0,1.0,,,,,,,,,,,0.2484076433121019,0.4764331210191083,Toaster|+01.64|+00.90|-01.67
1,200,329.18545794487,1,1,,15.0,1.0,,,,,,,,,,,0.22420382165605096,0.43312101910828027,Bread|-01.52|+00.99|-00.29|BreadSliced_3
1,5,332.0724413394928,1,1,,5.0,0.0,,,,,,,,,"[0, 0, 0, 0, 0, -90]","[-0.5, -1.0, 0.9009991884231567, 0, 30.000028610229492, -270.0]",,,
1,2,334.63098192214966,1,1,,2.0,0.0,,,,,,,,,"[0.25, 0, 0, 0, 0, 0]","[-0.5, -0.75, 0.9009991884231567, 0, 30.000028610229492, -270.0]",,,
1,2,335.10761165618896,1,1,,2.0,0.0,,,,,,,,,"[0.25, 0, 0, 0, 0, 0]","[-0.5, -0.5, 0.9009991884231567, 0, 30.000028610229492, -270.0]",,,
1,2,335.7913842201233,1,1,,2.0,0.0,,,,,,,,,"[0.25, 0, 0, 0, 0, 0]","[-0.5, -0.25, 0.9009991884231567, 0, 30.000028610229492, -270.0]",,,
1,2,336.3048882484436,1,1,,2.0,0.0,,,,,,,,,"[0.25, 0, 0, 0, 0, 0]","[-0.5, 0.0, 0.9009991884231567, 0, 30.000028610229492, -270.0]",,,
1,2,336.63133001327515,1,1,,2.0,0.0,,,,,,,,,"[0.25, 0, 0, 0, 0, 0]","[-0.5, 0.25, 0.9009991884231567, 0, 30.000028610229492, -270.0]",,,
1,2,338.08817291259766,1,1,,2.0,0.0,,,,,,,,,"[0.25, 0, 0, 0, 0, 0]","[-0.5, 0.5, 0.9009991884231567, 0, 30.000028610229492, -270.0]",,,
1,201,343.86178517341614,1,1,,16.0,1.0,,,,,,,,,,,0.43439490445859874,0.5248407643312102,CounterTop|-01.87|+00.95|-00.61
1,200,348.74388670921326,1,1,,15.0,1.0,,,,,,,,,,,0.5401273885350318,0.5414012738853503,Bread|-01.52|+00.99|-00.29|BreadSliced_4
1,4,350.39191579818726,1,1,,4.0,0.0,,,,,,,,,"[0, 0, 0, 0, 0, 90]","[-0.5, 0.5, 0.9009991884231567, 0, 30.000032424926758, -180.0]",,,
1,4,351.46380162239075,1,1,,4.0,0.0,,,,,,,,,"[0, 0, 0, 0, 0, 90]","[-0.5, 0.5, 0.9009991884231567, 0, 30.000028610229492, -90.0]",,,
1,2,353.4481461048126,1,1,,2.0,0.0,,,,,,,,,"[0.25, 0, 0, 0, 0, 0]","[-0.5, 0.25, 0.9009991884231567, 0, 30.000028610229492, -90.0]",,,
1,2,353.721559047699,1,1,,2.0,0.0,,,,,,,,,"[0.25, 0, 0, 0, 0, 0]","[-0.5, -0.0, 0.9009991884231567, 0, 30.000028610229492, -90.0]",,,
1,2,354.00377678871155,1,1,,2.0,0.0,,,,,,,,,"[0.25, 0, 0, 0, 0, 0]","[-0.5, -0.25, 0.9009991884231567, 0, 30.000028610229492, -90.0]",,,
1,2,354.5224566459656,1,1,,2.0,0.0,,,,,,,,,"[0.25, 0, 0, 0, 0, 0]","[-0.5, -0.5, 0.9009991884231567, 0, 30.000028610229492, -90.0]",,,
1,5,355.9517261981964,1,1,,5.0,0.0,,,,,,,,,"[0, 0, 0, 0, 0, -90]","[-0.5, -0.5, 0.9009991884231567, 0, 30.000032424926758, -180.0]",,,
1,8,357.73599100112915,1,1,,8.0,0.0,,,,,,,,,"[0, 0.25, 0, 0, 0, 0]","[-0.5, -0.75, 0.9009991884231567, 0, 30.000032424926758, -180.0]",,,
1,8,358.0113625526428,1,1,,8.0,0.0,,,,,,,,,"[0, 0.25, 0, 0, 0, 0]","[-0.5, -1.0, 0.9009991884231567, 0, 30.000032424926758, -180.0]",,,
1,8,358.90335273742676,1,1,,8.0,0.0,,,,,,,,,"[0, 0.25, 0, 0, 0, 0]","[-0.5, -1.25, 0.9009991884231567, 0, 30.000032424926758, -180.0]",,,
1,201,362.76830434799194,1,1,,16.0,1.0,,,,,,,,,,,0.3452229299363057,0.44713375796178345,Toaster|+01.64|+00.90|-01.67
1,204,367.42460799217224,1,1,,19.0,1.0,,,,,,,,,,,0.3579617834394904,0.46496815286624205,Toaster|+01.64|+00.90|-01.67
1,200,371.5924062728882,1,1,,15.0,1.0,,,,,,,,,,,0.34394904458598724,0.43312101910828027,Bread|-01.52|+00.99|-00.29|BreadSliced_4
1,5,375.255530834198,1,1,,5.0,0.0,,,,,,,,,"[0, 0, 0, 0, 0, -90]","[-0.5, -1.25, 0.9009991884231567, 0, 30.000028610229492, -270.0]",,,
1,2,377.5648000240326,1,1,,2.0,0.0,,,,,,,,,"[0.25, 0, 0, 0, 0, 0]","[-0.5, -1.0, 0.9009991884231567, 0, 30.000028610229492, -270.0]",,,
1,2,377.90444231033325,1,1,,2.0,0.0,,,,,,,,,"[0.25, 0, 0, 0, 0, 0]","[-0.5, -0.75, 0.9009991884231567, 0, 30.000028610229492, -270.0]",,,
1,2,378.2501530647278,1,1,,2.0,0.0,,,,,,,,,"[0.25, 0, 0, 0, 0, 0]","[-0.5, -0.5, 0.9009991884231567, 0, 30.000028610229492, -270.0]",,,
1,2,378.39860486984253,1,1,,2.0,0.0,,,,,,,,,"[0.25, 0, 0, 0, 0, 0]","[-0.5, -0.25, 0.9009991884231567, 0, 30.000028610229492, -270.0]",,,
1,2,378.6572799682617,1,1,,2.0,0.0,,,,,,,,,"[0.25, 0, 0, 0, 0, 0]","[-0.5, 0.0, 0.9009991884231567, 0, 30.000028610229492, -270.0]",,,
1,2,379.16412830352783,1,1,,2.0,0.0,,,,,,,,,"[0.25, 0, 0, 0, 0, 0]","[-0.5, 0.25, 0.9009991884231567, 0, 30.000028610229492, -270.0]",,,
1,2,379.3424942493439,1,1,,2.0,0.0,,,,,,,,,"[0.25, 0, 0, 0, 0, 0]","[-0.5, 0.5, 0.9009991884231567, 0, 30.000028610229492, -270.0]",,,
1,2,379.63749599456787,1,1,,2.0,0.0,,,,,,,,,"[0.25, 0, 0, 0, 0, 0]","[-0.5, 0.75, 0.9009991884231567, 0, 30.000028610229492, -270.0]",,,
1,2,380.1684584617615,1,1,,2.0,0.0,,,,,,,,,"[0.25, 0, 0, 0, 0, 0]","[-0.5, 1.0, 0.9009991884231567, 0, 30.000028610229492, -270.0]",,,
1,201,383.8237488269806,1,1,,16.0,1.0,,,,,,,,,,,0.3719745222929936,0.6993630573248407,CounterTop|-01.87|+00.95|-00.61
1,9,386.374436378479,1,1,,9.0,0.0,,,,,,,,,"[0, -0.25, 0, 0, 0, 0]","[-0.25, 1.0, 0.9009991884231567, 0, 30.000028610229492, -270.0]",,,
1,9,386.82170057296753,1,1,,9.0,0.0,,,,,,,,,"[0, -0.25, 0, 0, 0, 0]","[0.0, 1.0, 0.9009991884231567, 0, 30.000028610229492, -270.0]",,,
1,9,387.145534992218,1,1,,9.0,0.0,,,,,,,,,"[0, -0.25, 0, 0, 0, 0]","[0.25, 1.0, 0.9009991884231567, 0, 30.000028610229492, -270.0]",,,
1,9,387.4090325832367,1,1,,9.0,0.0,,,,,,,,,"[0, -0.25, 0, 0, 0, 0]","[0.5, 1.0, 0.9009991884231567, 0, 30.000028610229492, -270.0]",,,
1,9,387.5364816188812,1,1,,9.0,0.0,,,,,,,,,"[0, -0.25, 0, 0, 0, 0]","[0.75, 1.0, 0.9009991884231567, 0, 30.000028610229492, -270.0]",,,
1,9,387.69697308540344,1,1,,9.0,0.0,,,,,,,,,"[0, -0.25, 0, 0, 0, 0]","[1.0, 1.0, 0.9009991884231567, 0, 30.000028610229492, -270.0]",,,
1,9,387.8620183467865,1,1,,9.0,0.0,,,,,,,,,"[0, -0.25, 0, 0, 0, 0]","[1.25, 1.0, 0.9009991884231567, 0, 30.000028610229492, -270.0]",,,
1,9,388.03640270233154,1,1,,9.0,0.0,,,,,,,,,"[0, -0.25, 0, 0, 0, 0]","[1.5, 1.0, 0.9009991884231567, 0, 30.000028610229492, -270.0]",,,
1,9,388.15579080581665,1,0,,9.0,0.0,,,,,,,,,"[0, -0.25, 0, 0, 0, 0]","[1.5, 1.0, 0.9009991884231567, 0, 30.000028610229492, -270.0]",,,
1,2,389.04724645614624,1,1,,2.0,0.0,,,,,,,,,"[0.25, 0, 0, 0, 0, 0]","[1.5, 1.25, 0.9009991884231567, 0, 30.000028610229492, -270.0]",,,
1,2,389.28643441200256,1,1,,2.0,0.0,,,,,,,,,"[0.25, 0, 0, 0, 0, 0]","[1.5, 1.5, 0.9009991884231567, 0, 30.000028610229492, -270.0]",,,
1,2,389.741562128067,1,1,,2.0,0.0,,,,,,,,,"[0.25, 0, 0, 0, 0, 0]","[1.5, 1.75, 0.9009991884231567, 0, 30.000028610229492, -270.0]",,,
1,2,389.8944652080536,1,1,,2.0,0.0,,,,,,,,,"[0.25, 0, 0, 0, 0, 0]","[1.5, 2.0, 0.9009991884231567, 0, 30.000028610229492, -270.0]",,,
1,2,390.13552260398865,1,1,,2.0,0.0,,,,,,,,,"[0.25, 0, 0, 0, 0, 0]","[1.5, 2.25, 0.9009991884231567, 0, 30.000028610229492, -270.0]",,,
1,4,391.49610137939453,1,1,,4.0,0.0,,,,,,,,,"[0, 0, 0, 0, 0, 90]","[1.5, 2.25, 0.9009991884231567, 0, 30.000032424926758, -180.0]",,,
1,9,394.30690121650696,1,1,,9.0,0.0,,,,,,,,,"[0, -0.25, 0, 0, 0, 0]","[1.5, 2.5, 0.9009991884231567, 0, 30.000032424926758, -180.0]",,,
1,9,394.6203329563141,1,1,,9.0,0.0,,,,,,,,,"[0, -0.25, 0, 0, 0, 0]","[1.5, 2.75, 0.9009991884231567, 0, 30.000032424926758, -180.0]",,,
1,2,395.6888461112976,1,1,,2.0,0.0,,,,,,,,,"[0.25, 0, 0, 0, 0, 0]","[1.25, 2.75, 0.9009991884231567, 0, 30.000032424926758, -180.0]",,,
1,2,396.0306088924408,1,1,,2.0,0.0,,,,,,,,,"[0.25, 0, 0, 0, 0, 0]","[1.0, 2.75, 0.9009991884231567, 0, 30.000032424926758, -180.0]",,,
1,2,396.3133397102356,1,1,,2.0,0.0,,,,,,,,,"[0.25, 0, 0, 0, 0, 0]","[0.75, 2.75, 0.9009991884231567, 0, 30.000032424926758, -180.0]",,,
1,9,397.6547749042511,1,1,,9.0,0.0,,,,,,,,,"[0, -0.25, 0, 0, 0, 0]","[0.75, 3.0, 0.9009991884231567, 0, 30.000032424926758, -180.0]",,,
1,9,397.9581208229065,1,1,,9.0,0.0,,,,,,,,,"[0, -0.25, 0, 0, 0, 0]","[0.75, 3.25, 0.9009991884231567, 0, 30.000032424926758, -180.0]",,,
1,2,398.9902904033661,1,1,,2.0,0.0,,,,,,,,,"[0.25, 0, 0, 0, 0, 0]","[0.5, 3.25, 0.9009991884231567, 0, 30.000032424926758, -180.0]",,,
1,2,399.25437808036804,1,1,,2.0,0.0,,,,,,,,,"[0.25, 0, 0, 0, 0, 0]","[0.25, 3.25, 0.9009991884231567, 0, 30.000032424926758, -180.0]",,,
1,200,403.77491092681885,1,1,,15.0,1.0,,,,,,,,,,,0.22929936305732485,0.6012738853503184,Tomato|-02.51|+00.64|-00.76
1,4,405.9508056640625,1,1,,4.0,0.0,,,,,,,,,"[0, 0, 0, 0, 0, 90]","[0.25, 3.25, 0.9009991884231567, 0, 30.000028610229492, -90.0]",,,
1,201,412.0377321243286,1,1,,16.0,1.0,,,,,,,,,,,0.6050955414012739,0.4789808917197452,CounterTop|-01.87|+00.95|-00.61
1,200,419.42461490631104,1,0,,15.0,1.0,,,,,,,,,,,0.5643312101910828,0.4191082802547771,
1,8,422.6521646976471,1,1,,8.0,0.0,,,,,,,,,"[0, 0.25, 0, 0, 0, 0]","[0.5, 3.25, 0.9009991884231567, 0, 30.000028610229492, -90.0]",,,
1,2,424.0446619987488,1,1,,2.0,0.0,,,,,,,,,"[0.25, 0, 0, 0, 0, 0]","[0.5, 3.0, 0.9009991884231567, 0, 30.000028610229492, -90.0]",,,
1,2,424.26521587371826,1,1,,2.0,0.0,,,,,,,,,"[0.25, 0, 0, 0, 0, 0]","[0.5, 2.75, 0.9009991884231567, 0, 30.000028610229492, -90.0]",,,
1,2,424.7075140476227,1,1,,2.0,0.0,,,,,,,,,"[0.25, 0, 0, 0, 0, 0]","[0.5, 2.5, 0.9009991884231567, 0, 30.000028610229492, -90.0]",,,
1,2,424.90454483032227,1,0,,2.0,0.0,,,,,,,,,"[0.25, 0, 0, 0, 0, 0]","[0.5, 2.5, 0.9009991884231567, 0, 30.000028610229492, -90.0]",,,
1,2,425.1438465118408,1,0,,2.0,0.0,,,,,,,,,"[0.25, 0, 0, 0, 0, 0]","[0.5, 2.5, 0.9009991884231567, 0, 30.000028610229492, -90.0]",,,
1,200,428.53148579597473,1,1,,15.0,1.0,,,,,,,,,,,0.7439490445859872,0.5987261146496815,Knife|-02.53|+00.87|+02.88
1,206,433.2437539100647,1,1,,21.0,1.0,,,,,,,,,,,0.8076433121019109,0.6560509554140127,Tomato|-02.51|+00.64|-00.76
1,201,437.44311785697937,1,1,,16.0,1.0,,,,,,,,,,,0.70828025477707,0.6203821656050955,CounterTop|-01.87|+00.95|-00.61
1,8,440.30626487731934,1,1,,8.0,0.0,,,,,,,,,"[0, 0.25, 0, 0, 0, 0]","[0.75, 2.5, 0.9009991884231567, 0, 30.000028610229492, -90.0]",,,
1,8,440.75808787345886,1,1,,8.0,0.0,,,,,,,,,"[0, 0.25, 0, 0, 0, 0]","[1.0, 2.5, 0.9009991884231567, 0, 30.000028610229492, -90.0]",,,
1,8,441.1252474784851,1,1,,8.0,0.0,,,,,,,,,"[0, 0.25, 0, 0, 0, 0]","[1.25, 2.5, 0.9009991884231567, 0, 30.000028610229492, -90.0]",,,
1,8,441.6412856578827,1,1,,8.0,0.0,,,,,,,,,"[0, 0.25, 0, 0, 0, 0]","[1.5, 2.5, 0.9009991884231567, 0, 30.000028610229492, -90.0]",,,
1,8,441.9381947517395,1,1,,8.0,0.0,,,,,,,,,"[0, 0.25, 0, 0, 0, 0]","[1.75, 2.5, 0.9009991884231567, 0, 30.000028610229492, -90.0]",,,
1,2,442.83430886268616,1,1,,2.0,0.0,,,,,,,,,"[0.25, 0, 0, 0, 0, 0]","[1.75, 2.25, 0.9009991884231567, 0, 30.000028610229492, -90.0]",,,
1,2,443.0859680175781,1,1,,2.0,0.0,,,,,,,,,"[0.25, 0, 0, 0, 0, 0]","[1.75, 2.0, 0.9009991884231567, 0, 30.000028610229492, -90.0]",,,
1,2,443.4057159423828,1,1,,2.0,0.0,,,,,,,,,"[0.25, 0, 0, 0, 0, 0]","[1.75, 1.75, 0.9009991884231567, 0, 30.000028610229492, -90.0]",,,
1,2,443.6916434764862,1,1,,2.0,0.0,,,,,,,,,"[0.25, 0, 0, 0, 0, 0]","[1.75, 1.5, 0.9009991884231567, 0, 30.000028610229492, -90.0]",,,
1,2,443.8439564704895,1,1,,2.0,0.0,,,,,,,,,"[0.25, 0, 0, 0, 0, 0]","[1.75, 1.25, 0.9009991884231567, 0, 30.000028610229492, -90.0]",,,
1,9,444.84244775772095,1,1,,9.0,0.0,,,,,,,,,"[0, -0.25, 0, 0, 0, 0]","[1.5, 1.25, 0.9009991884231567, 0, 30.000028610229492, -90.0]",,,
1,9,445.0768220424652,1,1,,9.0,0.0,,,,,,,,,"[0, -0.25, 0, 0, 0, 0]","[1.25, 1.25, 0.9009991884231567, 0, 30.000028610229492, -90.0]",,,
1,9,445.3420407772064,1,1,,9.0,0.0,,,,,,,,,"[0, -0.25, 0, 0, 0, 0]","[1.0, 1.25, 0.9009991884231567, 0, 30.000028610229492, -90.0]",,,
1,2,446.9227294921875,1,1,,2.0,0.0,,,,,,,,,"[0.25, 0, 0, 0, 0, 0]","[1.0, 1.0, 0.9009991884231567, 0, 30.000028610229492, -90.0]",,,
1,2,447.12448048591614,1,1,,2.0,0.0,,,,,,,,,"[0.25, 0, 0, 0, 0, 0]","[1.0, 0.75, 0.9009991884231567, 0, 30.000028610229492, -90.0]",,,
1,2,447.73770403862,1,1,,2.0,0.0,,,,,,,,,"[0.25, 0, 0, 0, 0, 0]","[1.0, 0.5, 0.9009991884231567, 0, 30.000028610229492, -90.0]",,,
1,4,448.9189021587372,1,1,,4.0,0.0,,,,,,,,,"[0, 0, 0, 0, 0, 90]","[1.0, 0.5, 0.9009991884231567, 0, 30.000032424926758, -0.0]",,,
1,9,451.0264165401459,1,1,,9.0,0.0,,,,,,,,,"[0, -0.25, 0, 0, 0, 0]","[1.0, 0.25, 0.9009991884231567, 0, 30.000032424926758, -0.0]",,,
1,9,451.27964067459106,1,1,,9.0,0.0,,,,,,,,,"[0, -0.25, 0, 0, 0, 0]","[1.0, -0.0, 0.9009991884231567, 0, 30.000032424926758, -0.0]",,,
1,3,452.650808095932,1,1,,3.0,0.0,,,,,,,,,"[-0.25, 0, 0, 0, 0, 0]","[0.75, -0.0, 0.9009991884231567, 0, 30.000032424926758, -0.0]",,,
1,202,455.6264796257019,1,1,,17.0,1.0,,,,,,,,,,,0.3681528662420382,0.49171974522292994,Fridge|-00.04|+00.00|+02.18
1,203,463.2111864089966,1,1,,18.0,1.0,,,,,,,,,,,0.8738853503184714,0.7222929936305732,Fridge|-00.04|+00.00|+02.18
1,8,465.4820487499237,1,1,,8.0,0.0,,,,,,,,,"[0, 0.25, 0, 0, 0, 0]","[0.75, 0.25, 0.9009991884231567, 0, 30.000032424926758, -0.0]",,,
1,8,466.8652493953705,1,1,,8.0,0.0,,,,,,,,,"[0, 0.25, 0, 0, 0, 0]","[0.75, 0.5, 0.9009991884231567, 0, 30.000032424926758, -0.0]",,,
1,8,467.75340127944946,1,1,,8.0,0.0,,,,,,,,,"[0, 0.25, 0, 0, 0, 0]","[0.75, 0.75, 0.9009991884231567, 0, 30.000032424926758, -0.0]",,,
1,8,468.3896048069,1,1,,8.0,0.0,,,,,,,,,"[0, 0.25, 0, 0, 0, 0]","[0.75, 1.0, 0.9009991884231567, 0, 30.000032424926758, -0.0]",,,
1,8,468.62510204315186,1,0,,8.0,0.0,,,,,,,,,"[0, 0.25, 0, 0, 0, 0]","[0.75, 1.0, 0.9009991884231567, 0, 30.000032424926758, -0.0]",,,
1,8,469.1932067871094,1,0,,8.0,0.0,,,,,,,,,"[0, 0.25, 0, 0, 0, 0]","[0.75, 1.0, 0.9009991884231567, 0, 30.000032424926758, -0.0]",,,
1,2,470.4491994380951,1,1,,2.0,0.0,,,,,,,,,"[0.25, 0, 0, 0, 0, 0]","[1.0, 1.0, 0.9009991884231567, 0, 30.000032424926758, -0.0]",,,
1,2,471.2011671066284,1,1,,2.0,0.0,,,,,,,,,"[0.25, 0, 0, 0, 0, 0]","[1.25, 1.0, 0.9009991884231567, 0, 30.000032424926758, -0.0]",,,
1,8,473.0661368370056,1,1,,8.0,0.0,,,,,,,,,"[0, 0.25, 0, 0, 0, 0]","[1.25, 1.25, 0.9009991884231567, 0, 30.000032424926758, -0.0]",,,
1,8,474.16025948524475,1,1,,8.0,0.0,,,,,,,,,"[0, 0.25, 0, 0, 0, 0]","[1.25, 1.5, 0.9009991884231567, 0, 30.000032424926758, -0.0]",,,
1,8,474.96109914779663,1,1,,8.0,0.0,,,,,,,,,"[0, 0.25, 0, 0, 0, 0]","[1.25, 1.75, 0.9009991884231567, 0, 30.000032424926758, -0.0]",,,
1,2,475.8494408130646,1,1,,2.0,0.0,,,,,,,,,"[0.25, 0, 0, 0, 0, 0]","[1.5, 1.75, 0.9009991884231567, 0, 30.000032424926758, -0.0]",,,
1,2,476.08932662010193,1,1,,2.0,0.0,,,,,,,,,"[0.25, 0, 0, 0, 0, 0]","[1.75, 1.75, 0.9009991884231567, 0, 30.000032424926758, -0.0]",,,
1,2,476.5540726184845,1,1,,2.0,0.0,,,,,,,,,"[0.25, 0, 0, 0, 0, 0]","[2.0, 1.75, 0.9009991884231567, 0, 30.000032424926758, -0.0]",,,
1,2,476.87328028678894,1,1,,2.0,0.0,,,,,,,,,"[0.25, 0, 0, 0, 0, 0]","[2.25, 1.75, 0.9009991884231567, 0, 30.000032424926758, -0.0]",,,
1,200,480.801983833313,1,1,,15.0,1.0,,,,,,,,,,,0.27388535031847133,0.578343949044586,Plate|-02.32|+00.84|+03.15
1,5,483.36185026168823,1,1,,5.0,0.0,,,,,,,,,"[0, 0, 0, 0, 0, -90]","[2.25, 1.75, 0.9009991884231567, 0, 30.000028610229492, -90.0]",,,
1,5,483.76977252960205,1,1,,5.0,0.0,,,,,,,,,"[0, 0, 0, 0, 0, -90]","[2.25, 1.75, 0.9009991884231567, 0, 30.000032424926758, -180.0]",,,
0,500,485.9603953361511,1,0,,30.0,0.0,,,,,,,,,,,,,
1,2,485.9843955039978,1,1,,2.0,0.0,,,,,,,,,"[0.25, 0, 0, 0, 0, 0]","[2.0, 1.75, 0.9009991884231567, 0, 30.000032424926758, -180.0]",,,
1,2,486.4484689235687,1,1,,2.0,0.0,,,,,,,,,"[0.25, 0, 0, 0, 0, 0]","[1.75, 1.75, 0.9009991884231567, 0, 30.000032424926758, -180.0]",,,
1,2,486.62538409233093,1,1,,2.0,0.0,,,,,,,,,"[0.25, 0, 0, 0, 0, 0]","[1.5, 1.75, 0.9009991884231567, 0, 30.000032424926758, -180.0]",,,
1,2,486.8964726924896,1,1,,2.0,0.0,,,,,,,,,"[0.25, 0, 0, 0, 0, 0]","[1.25, 1.75, 0.9009991884231567, 0, 30.000032424926758, -180.0]",,,
1,8,488.0993986129761,1,1,,8.0,0.0,,,,,,,,,"[0, 0.25, 0, 0, 0, 0]","[1.25, 1.5, 0.9009991884231567, 0, 30.000032424926758, -180.0]",,,
1,8,488.30676436424255,1,1,,8.0,0.0,,,,,,,,,"[0, 0.25, 0, 0, 0, 0]","[1.25, 1.25, 0.9009991884231567, 0, 30.000032424926758, -180.0]",,,
1,8,488.4838054180145,1,1,,8.0,0.0,,,,,,,,,"[0, 0.25, 0, 0, 0, 0]","[1.25, 1.0, 0.9009991884231567, 0, 30.000032424926758, -180.0]",,,
1,8,488.7413742542267,1,1,,8.0,0.0,,,,,,,,,"[0, 0.25, 0, 0, 0, 0]","[1.25, 0.75, 0.9009991884231567, 0, 30.000032424926758, -180.0]",,,
1,8,489.21407985687256,1,1,,8.0,0.0,,,,,,,,,"[0, 0.25, 0, 0, 0, 0]","[1.25, 0.5, 0.9009991884231567, 0, 30.000032424926758, -180.0]",,,
1,2,490.6974024772644,1,1,,2.0,0.0,,,,,,,,,"[0.25, 0, 0, 0, 0, 0]","[1.0, 0.5, 0.9009991884231567, 0, 30.000032424926758, -180.0]",,,
1,2,491.0146152973175,1,1,,2.0,0.0,,,,,,,,,"[0.25, 0, 0, 0, 0, 0]","[0.75, 0.5, 0.9009991884231567, 0, 30.000032424926758, -180.0]",,,
1,2,491.2513859272003,1,1,,2.0,0.0,,,,,,,,,"[0.25, 0, 0, 0, 0, 0]","[0.5, 0.5, 0.9009991884231567, 0, 30.000032424926758, -180.0]",,,
1,2,491.5052478313446,1,1,,2.0,0.0,,,,,,,,,"[0.25, 0, 0, 0, 0, 0]","[0.25, 0.5, 0.9009991884231567, 0, 30.000032424926758, -180.0]",,,
1,9,493.3221471309662,1,1,,9.0,0.0,,,,,,,,,"[0, -0.25, 0, 0, 0, 0]","[0.25, 0.75, 0.9009991884231567, 0, 30.000032424926758, -180.0]",,,
1,2,495.26086950302124,1,1,,2.0,0.0,,,,,,,,,"[0.25, 0, 0, 0, 0, 0]","[0.0, 0.75, 0.9009991884231567, 0, 30.000032424926758, -180.0]",,,
1,2,495.59290528297424,1,1,,2.0,0.0,,,,,,,,,"[0.25, 0, 0, 0, 0, 0]","[-0.25, 0.75, 0.9009991884231567, 0, 30.000032424926758, -180.0]",,,
1,2,495.90678000450134,1,1,,2.0,0.0,,,,,,,,,"[0.25, 0, 0, 0, 0, 0]","[-0.5, 0.75, 0.9009991884231567, 0, 30.000032424926758, -180.0]",,,
1,2,496.1279785633087,1,1,,2.0,0.0,,,,,,,,,"[0.25, 0, 0, 0, 0, 0]","[-0.75, 0.75, 0.9009991884231567, 0, 30.000032424926758, -180.0]",,,
1,9,497.4980561733246,1,1,,9.0,0.0,,,,,,,,,"[0, -0.25, 0, 0, 0, 0]","[-0.75, 1.0, 0.9009991884231567, 0, 30.000032424926758, -180.0]",,,
1,201,501.3700294494629,1,1,,16.0,1.0,,,,,,,,,,,0.8484076433121019,0.7210191082802547,CounterTop|-01.87|+00.95|-00.61
1,5,504.3449764251709,1,1,,5.0,0.0,,,,,,,,,"[0, 0, 0, 0, 0, -90]","[-0.75, 1.0, 0.9009991884231567, 0, 30.000028610229492, -270.0]",,,
1,200,508.78269600868225,1,1,,15.0,1.0,,,,,,,,,,,0.6012738853503184,0.686624203821656,Bread|-01.52|+00.99|-00.29|BreadSliced_3
1,201,512.8898074626923,1,1,,16.0,1.0,,,,,,,,,,,0.12611464968152866,0.7070063694267515,Plate|-02.32|+00.84|+03.15
0,500,517.8508212566376,1,0,,30.0,0.0,,,,,,,,,,,,,
1,200,518.267035484314,1,1,,15.0,1.0,,,,,,,,,,,0.8127388535031848,0.5337579617834395,Tomato|-02.51|+00.64|-00.76|TomatoSliced_6
1,201,523.1536564826965,1,0,,16.0,1.0,,,,,,,,,,,0.17070063694267515,0.6611464968152866,
0,100,526.8101997375488,1,1,,,,After you place the items on the plate... All breakfast items need to go to the table.,0.0,After you place the items on the plate. All breakfast items need to go to the table.,Commander,526.8101997,After you place the items on the plate... All breakfast items need to go to the table.,"['After you place the items on the plate... All breakfast items need to go to the table.', '', '']","['Instruction', '', '']",,,,,
1,2,533.6327381134033,1,0,,2.0,0.0,,,,,,,,,"[0.25, 0, 0, 0, 0, 0]","[-0.75, 1.0, 0.9009991884231567, 0, 30.000028610229492, -270.0]",,,
1,9,536.2889783382416,1,1,,9.0,0.0,,,,,,,,,"[0, -0.25, 0, 0, 0, 0]","[-0.5, 1.0, 0.9009991884231567, 0, 30.000028610229492, -270.0]",,,
1,2,538.2867655754089,1,0,,2.0,0.0,,,,,,,,,"[0.25, 0, 0, 0, 0, 0]","[-0.5, 1.0, 0.9009991884231567, 0, 30.000028610229492, -270.0]",,,
1,200,542.0798153877258,1,0,,15.0,1.0,,,,,,,,,,,0.4484076433121019,0.6203821656050955,
1,9,547.4343345165253,1,1,,9.0,0.0,,,,,,,,,"[0, -0.25, 0, 0, 0, 0]","[-0.25, 1.0, 0.9009991884231567, 0, 30.000028610229492, -270.0]",,,
1,201,552.8487935066223,1,1,,16.0,1.0,,,,,,,,,,,0.6878980891719745,0.7439490445859872,CounterTop|-01.87|+00.95|-00.61
1,200,557.3344399929047,1,1,,15.0,1.0,,,,,,,,,,,0.3286624203821656,0.6254777070063694,Bread|-01.52|+00.99|-00.29|BreadSliced_4
1,8,559.3762290477753,1,1,,8.0,0.0,,,,,,,,,"[0, 0.25, 0, 0, 0, 0]","[-0.5, 1.0, 0.9009991884231567, 0, 30.000028610229492, -270.0]",,,
1,8,560.7342700958252,1,1,,8.0,0.0,,,,,,,,,"[0, 0.25, 0, 0, 0, 0]","[-0.75, 1.0, 0.9009991884231567, 0, 30.000028610229492, -270.0]",,,
1,201,564.5282101631165,1,1,,16.0,1.0,,,,,,,,,,,0.18980891719745224,0.6840764331210191,Plate|-02.32|+00.84|+03.15
1,9,567.4968950748444,1,1,,9.0,0.0,,,,,,,,,"[0, -0.25, 0, 0, 0, 0]","[-0.5, 1.0, 0.9009991884231567, 0, 30.000028610229492, -270.0]",,,
1,2,569.1593637466431,1,0,,2.0,0.0,,,,,,,,,"[0.25, 0, 0, 0, 0, 0]","[-0.5, 1.0, 0.9009991884231567, 0, 30.000028610229492, -270.0]",,,
0,500,569.5698778629303,1,0,,30.0,0.0,,,,,,,,,,,,,
1,2,569.9469840526581,1,0,,2.0,0.0,,,,,,,,,"[0.25, 0, 0, 0, 0, 0]","[-0.5, 1.0, 0.9009991884231567, 0, 30.000028610229492, -270.0]",,,
1,9,571.3354003429413,1,1,,9.0,0.0,,,,,,,,,"[0, -0.25, 0, 0, 0, 0]","[-0.25, 1.0, 0.9009991884231567, 0, 30.000028610229492, -270.0]",,,
1,2,572.8000450134277,1,0,,2.0,0.0,,,,,,,,,"[0.25, 0, 0, 0, 0, 0]","[-0.25, 1.0, 0.9009991884231567, 0, 30.000028610229492, -270.0]",,,
1,2,573.0075409412384,1,0,,2.0,0.0,,,,,,,,,"[0.25, 0, 0, 0, 0, 0]","[-0.25, 1.0, 0.9009991884231567, 0, 30.000028610229492, -270.0]",,,
1,6,574.5445187091827,1,1,,6.0,0.0,,,,,,,,,"[0, 0, 0, 0, -30, 0]","[-0.25, 1.0, 0.9009991884231567, 0, 2.6389827326056547e-05, -270.0]",,,
1,200,579.6745059490204,1,1,,15.0,1.0,,,,,,,,,,,0.6178343949044586,0.8509554140127389,Tomato|-02.51|+00.64|-00.76|TomatoSliced_5
1,4,583.258540391922,1,1,,4.0,0.0,,,,,,,,,"[0, 0, 0, 0, 0, 90]","[-0.25, 1.0, 0.9009991884231567, 0, 2.638982368807774e-05, -180.0]",,,
1,201,588.8339359760284,1,0,,16.0,1.0,,,,,,,,,,,0.778343949044586,0.8318471337579618,
1,9,591.8071944713593,1,0,,9.0,0.0,,,,,,,,,"[0, -0.25, 0, 0, 0, 0]","[-0.25, 1.0, 0.9009991884231567, 0, 2.638982368807774e-05, -180.0]",,,
1,201,595.8074281215668,1,1,,16.0,1.0,,,,,,,,,,,0.619108280254777,0.8407643312101911,CounterTop|-01.87|+00.95|-00.61
1,5,597.3350300788879,1,1,,5.0,0.0,,,,,,,,,"[0, 0, 0, 0, 0, -90]","[-0.25, 1.0, 0.9009991884231567, 0, 2.6389827326056547e-05, -270.0]",,,
1,200,602.9497938156128,1,1,,15.0,1.0,,,,,,,,,,,0.6114649681528662,0.8305732484076433,Tomato|-02.51|+00.64|-00.76|TomatoSliced_4
1,4,607.1512298583984,1,1,,4.0,0.0,,,,,,,,,"[0, 0, 0, 0, 0, 90]","[-0.25, 1.0, 0.9009991884231567, 0, 2.638982368807774e-05, -180.0]",,,
1,201,612.5035018920898,1,0,,16.0,1.0,,,,,,,,,,,0.7796178343949045,0.8280254777070064,
1,8,621.3353600502014,1,1,,8.0,0.0,,,,,,,,,"[0, 0.25, 0, 0, 0, 0]","[-0.25, 0.75, 0.9009991884231567, 0, 2.638982368807774e-05, -180.0]",,,
1,2,623.1262679100037,1,1,,2.0,0.0,,,,,,,,,"[0.25, 0, 0, 0, 0, 0]","[-0.5, 0.75, 0.9009991884231567, 0, 2.638982368807774e-05, -180.0]",,,
1,5,625.2708580493927,1,1,,5.0,0.0,,,,,,,,,"[0, 0, 0, 0, 0, -90]","[-0.5, 0.75, 0.9009991884231567, 0, 2.6389827326056547e-05, -270.0]",,,
1,8,628.4455635547638,1,1,,8.0,0.0,,,,,,,,,"[0, 0.25, 0, 0, 0, 0]","[-0.75, 0.75, 0.9009991884231567, 0, 2.6389827326056547e-05, -270.0]",,,
1,201,633.1647329330444,1,1,,16.0,1.0,,,,,,,,,,,0.21656050955414013,0.9184713375796179,Plate|-02.32|+00.84|+03.15
0,500,638.6081495285034,1,0,,30.0,0.0,,,,,,,,,,,,,
1,200,640.9828264713287,1,1,,15.0,1.0,,,,,,,,,,,0.1375796178343949,0.9834394904458599,Plate|-02.32|+00.84|+03.15
1,5,644.1893632411957,1,1,,5.0,0.0,,,,,,,,,"[0, 0, 0, 0, 0, -90]","[-0.75, 0.75, 0.9009991884231567, 0, 2.638982368807774e-05, -0.0]",,,
1,2,646.6702697277069,1,1,,2.0,0.0,,,,,,,,,"[0.25, 0, 0, 0, 0, 0]","[-0.5, 0.75, 0.9009991884231567, 0, 2.638982368807774e-05, -0.0]",,,
1,2,646.9798018932343,1,1,,2.0,0.0,,,,,,,,,"[0.25, 0, 0, 0, 0, 0]","[-0.25, 0.75, 0.9009991884231567, 0, 2.638982368807774e-05, -0.0]",,,
1,2,647.5640511512756,1,1,,2.0,0.0,,,,,,,,,"[0.25, 0, 0, 0, 0, 0]","[0.0, 0.75, 0.9009991884231567, 0, 2.638982368807774e-05, -0.0]",,,
1,2,647.8001573085785,1,1,,2.0,0.0,,,,,,,,,"[0.25, 0, 0, 0, 0, 0]","[0.25, 0.75, 0.9009991884231567, 0, 2.638982368807774e-05, -0.0]",,,
1,2,648.0823214054108,1,1,,2.0,0.0,,,,,,,,,"[0.25, 0, 0, 0, 0, 0]","[0.5, 0.75, 0.9009991884231567, 0, 2.638982368807774e-05, -0.0]",,,
1,8,648.88605427742,1,1,,8.0,0.0,,,,,,,,,"[0, 0.25, 0, 0, 0, 0]","[0.5, 1.0, 0.9009991884231567, 0, 2.638982368807774e-05, -0.0]",,,
1,8,649.0932464599609,1,0,,8.0,0.0,,,,,,,,,"[0, 0.25, 0, 0, 0, 0]","[0.5, 1.0, 0.9009991884231567, 0, 2.638982368807774e-05, -0.0]",,,
1,8,649.3485414981842,1,0,,8.0,0.0,,,,,,,,,"[0, 0.25, 0, 0, 0, 0]","[0.5, 1.0, 0.9009991884231567, 0, 2.638982368807774e-05, -0.0]",,,
1,2,650.4619681835175,1,1,,2.0,0.0,,,,,,,,,"[0.25, 0, 0, 0, 0, 0]","[0.75, 1.0, 0.9009991884231567, 0, 2.638982368807774e-05, -0.0]",,,
1,2,650.7011654376984,1,1,,2.0,0.0,,,,,,,,,"[0.25, 0, 0, 0, 0, 0]","[1.0, 1.0, 0.9009991884231567, 0, 2.638982368807774e-05, -0.0]",,,
1,2,650.9189147949219,1,1,,2.0,0.0,,,,,,,,,"[0.25, 0, 0, 0, 0, 0]","[1.25, 1.0, 0.9009991884231567, 0, 2.638982368807774e-05, -0.0]",,,
1,2,651.1253154277802,1,1,,2.0,0.0,,,,,,,,,"[0.25, 0, 0, 0, 0, 0]","[1.5, 1.0, 0.9009991884231567, 0, 2.638982368807774e-05, -0.0]",,,
1,8,652.1492185592651,1,1,,8.0,0.0,,,,,,,,,"[0, 0.25, 0, 0, 0, 0]","[1.5, 1.25, 0.9009991884231567, 0, 2.638982368807774e-05, -0.0]",,,
1,8,652.597644329071,1,1,,8.0,0.0,,,,,,,,,"[0, 0.25, 0, 0, 0, 0]","[1.5, 1.5, 0.9009991884231567, 0, 2.638982368807774e-05, -0.0]",,,
1,8,652.8051490783691,1,1,,8.0,0.0,,,,,,,,,"[0, 0.25, 0, 0, 0, 0]","[1.5, 1.75, 0.9009991884231567, 0, 2.638982368807774e-05, -0.0]",,,
1,8,653.071320772171,1,1,,8.0,0.0,,,,,,,,,"[0, 0.25, 0, 0, 0, 0]","[1.5, 2.0, 0.9009991884231567, 0, 2.638982368807774e-05, -0.0]",,,
1,8,653.6695127487183,1,1,,8.0,0.0,,,,,,,,,"[0, 0.25, 0, 0, 0, 0]","[1.5, 2.25, 0.9009991884231567, 0, 2.638982368807774e-05, -0.0]",,,
1,201,656.4784355163574,1,1,,16.0,1.0,,,,,,,,,,,0.30445859872611464,0.780891719745223,DiningTable|-02.66|+00.00|+03.21
1,5,658.2461359500885,1,1,,5.0,0.0,,,,,,,,,"[0, 0, 0, 0, 0, -90]","[1.5, 2.25, 0.9009991884231567, 0, 2.6389827326056547e-05, -90.0]",,,
0,500,659.2307782173157,1,0,,30.0,0.0,,,,,,,,,,,,,
1,5,659.5897154808044,1,1,,5.0,0.0,,,,,,,,,"[0, 0, 0, 0, 0, -90]","[1.5, 2.25, 0.9009991884231567, 0, 2.638982368807774e-05, -180.0]",,,
1,8,661.6223816871643,1,1,,8.0,0.0,,,,,,,,,"[0, 0.25, 0, 0, 0, 0]","[1.5, 2.0, 0.9009991884231567, 0, 2.638982368807774e-05, -180.0]",,,
1,8,661.8346333503723,1,1,,8.0,0.0,,,,,,,,,"[0, 0.25, 0, 0, 0, 0]","[1.5, 1.75, 0.9009991884231567, 0, 2.638982368807774e-05, -180.0]",,,
1,8,662.0314295291901,1,1,,8.0,0.0,,,,,,,,,"[0, 0.25, 0, 0, 0, 0]","[1.5, 1.5, 0.9009991884231567, 0, 2.638982368807774e-05, -180.0]",,,
1,8,662.281667470932,1,1,,8.0,0.0,,,,,,,,,"[0, 0.25, 0, 0, 0, 0]","[1.5, 1.25, 0.9009991884231567, 0, 2.638982368807774e-05, -180.0]",,,
1,8,662.494954586029,1,1,,8.0,0.0,,,,,,,,,"[0, 0.25, 0, 0, 0, 0]","[1.5, 1.0, 0.9009991884231567, 0, 2.638982368807774e-05, -180.0]",,,
1,8,662.7970066070557,1,1,,8.0,0.0,,,,,,,,,"[0, 0.25, 0, 0, 0, 0]","[1.5, 0.75, 0.9009991884231567, 0, 2.638982368807774e-05, -180.0]",,,
1,8,663.1694755554199,1,1,,8.0,0.0,,,,,,,,,"[0, 0.25, 0, 0, 0, 0]","[1.5, 0.5, 0.9009991884231567, 0, 2.638982368807774e-05, -180.0]",,,
1,2,663.7785394191742,1,1,,2.0,0.0,,,,,,,,,"[0.25, 0, 0, 0, 0, 0]","[1.25, 0.5, 0.9009991884231567, 0, 2.638982368807774e-05, -180.0]",,,
1,2,663.9570593833923,1,1,,2.0,0.0,,,,,,,,,"[0.25, 0, 0, 0, 0, 0]","[1.0, 0.5, 0.9009991884231567, 0, 2.638982368807774e-05, -180.0]",,,
1,2,664.3492693901062,1,1,,2.0,0.0,,,,,,,,,"[0.25, 0, 0, 0, 0, 0]","[0.75, 0.5, 0.9009991884231567, 0, 2.638982368807774e-05, -180.0]",,,
1,2,665.4639587402344,1,1,,2.0,0.0,,,,,,,,,"[0.25, 0, 0, 0, 0, 0]","[0.5, 0.5, 0.9009991884231567, 0, 2.638982368807774e-05, -180.0]",,,
1,2,665.7092318534851,1,1,,2.0,0.0,,,,,,,,,"[0.25, 0, 0, 0, 0, 0]","[0.25, 0.5, 0.9009991884231567, 0, 2.638982368807774e-05, -180.0]",,,
1,2,665.8878087997437,1,1,,2.0,0.0,,,,,,,,,"[0.25, 0, 0, 0, 0, 0]","[0.0, 0.5, 0.9009991884231567, 0, 2.638982368807774e-05, -180.0]",,,
1,2,666.2686054706573,1,1,,2.0,0.0,,,,,,,,,"[0.25, 0, 0, 0, 0, 0]","[-0.25, 0.5, 0.9009991884231567, 0, 2.638982368807774e-05, -180.0]",,,
1,200,668.9339158535004,1,1,,15.0,1.0,,,,,,,,,,,0.7605095541401274,0.7312101910828025,Mug|-02.43|+00.59|+00.17
1,5,670.1811501979828,1,1,,5.0,0.0,,,,,,,,,"[0, 0, 0, 0, 0, -90]","[-0.25, 0.5, 0.9009991884231567, 0, 2.6389827326056547e-05, -270.0]",,,
1,5,672.005247592926,1,1,,5.0,0.0,,,,,,,,,"[0, 0, 0, 0, 0, -90]","[-0.25, 0.5, 0.9009991884231567, 0, 2.638982368807774e-05, -0.0]",,,
1,2,673.3573942184448,1,1,,2.0,0.0,,,,,,,,,"[0.25, 0, 0, 0, 0, 0]","[0.0, 0.5, 0.9009991884231567, 0, 2.638982368807774e-05, -0.0]",,,
1,2,673.6185972690582,1,1,,2.0,0.0,,,,,,,,,"[0.25, 0, 0, 0, 0, 0]","[0.25, 0.5, 0.9009991884231567, 0, 2.638982368807774e-05, -0.0]",,,
1,8,674.5815982818604,1,1,,8.0,0.0,,,,,,,,,"[0, 0.25, 0, 0, 0, 0]","[0.25, 0.75, 0.9009991884231567, 0, 2.638982368807774e-05, -0.0]",,,
1,8,674.7724692821503,1,1,,8.0,0.0,,,,,,,,,"[0, 0.25, 0, 0, 0, 0]","[0.25, 1.0, 0.9009991884231567, 0, 2.638982368807774e-05, -0.0]",,,
1,2,676.0047719478607,1,1,,2.0,0.0,,,,,,,,,"[0.25, 0, 0, 0, 0, 0]","[0.5, 1.0, 0.9009991884231567, 0, 2.638982368807774e-05, -0.0]",,,
1,2,676.1806092262268,1,1,,2.0,0.0,,,,,,,,,"[0.25, 0, 0, 0, 0, 0]","[0.75, 1.0, 0.9009991884231567, 0, 2.638982368807774e-05, -0.0]",,,
1,2,676.3884932994843,1,1,,2.0,0.0,,,,,,,,,"[0.25, 0, 0, 0, 0, 0]","[1.0, 1.0, 0.9009991884231567, 0, 2.638982368807774e-05, -0.0]",,,
1,8,677.2532353401184,1,1,,8.0,0.0,,,,,,,,,"[0, 0.25, 0, 0, 0, 0]","[1.0, 1.25, 0.9009991884231567, 0, 2.638982368807774e-05, -0.0]",,,
1,8,677.4608035087585,1,1,,8.0,0.0,,,,,,,,,"[0, 0.25, 0, 0, 0, 0]","[1.0, 1.5, 0.9009991884231567, 0, 2.638982368807774e-05, -0.0]",,,
1,2,679.069343328476,1,1,,2.0,0.0,,,,,,,,,"[0.25, 0, 0, 0, 0, 0]","[1.25, 1.5, 0.9009991884231567, 0, 2.638982368807774e-05, -0.0]",,,
1,8,680.1081585884094,1,1,,8.0,0.0,,,,,,,,,"[0, 0.25, 0, 0, 0, 0]","[1.25, 1.75, 0.9009991884231567, 0, 2.638982368807774e-05, -0.0]",,,
1,8,680.3486561775208,1,1,,8.0,0.0,,,,,,,,,"[0, 0.25, 0, 0, 0, 0]","[1.25, 2.0, 0.9009991884231567, 0, 2.638982368807774e-05, -0.0]",,,
1,2,681.1728830337524,1,1,,2.0,0.0,,,,,,,,,"[0.25, 0, 0, 0, 0, 0]","[1.5, 2.0, 0.9009991884231567, 0, 2.638982368807774e-05, -0.0]",,,
1,2,681.3969347476959,1,1,,2.0,0.0,,,,,,,,,"[0.25, 0, 0, 0, 0, 0]","[1.75, 2.0, 0.9009991884231567, 0, 2.638982368807774e-05, -0.0]",,,
1,201,684.0934391021729,1,1,,16.0,1.0,,,,,,,,,,,0.3401273885350318,0.8394904458598726,DiningTable|-02.66|+00.00|+03.21
1,100,689.0952861309052,1,1,,,,done,0.0,done,Driver,689.0952861,done,"['done', '', '']","['Acknowledge', '', '']",,,,,
0,100,700.4508805274963,1,1,,,,All done!,0.0,All done!,Commander,700.4508805,All done!,"['All done!', '', '']","['Acknowledge', '', '']",,,,,
